fileName,Token
characterization-caseSeries.R,@schema
characterization-caseSeries.R,@c_table_prefixsettings
characterization-caseSeries.R,@schema
characterization-caseSeries.R,@database_meta_table
characterization-caseSeries.R,@schema
characterization-caseSeries.R,@c_table_prefixcohort_details
characterization-caseSeries.R,@target_id
characterization-caseSeries.R,@outcome_id
characterization-caseSeries.R,@schema
characterization-caseSeries.R,@cg_table_prefixcohort_definition
characterization-caseSeries.R,@schema
characterization-caseSeries.R,@cg_table_prefixcohort_definition
characterization-caseSeries.R,@schema
characterization-caseSeries.R,@c_table_prefixcovariates
characterization-caseSeries.R,@schema
characterization-caseSeries.R,@c_table_prefixcovariate_ref
characterization-caseSeries.R,@schema
characterization-caseSeries.R,@c_table_prefixsettings
characterization-caseSeries.R,@target_id
characterization-caseSeries.R,@outcome_id
characterization-caseSeries.R,@setting_id
characterization-caseSeries.R,@risk_window_start
characterization-caseSeries.R,@risk_window_end
characterization-caseSeries.R,@start_anchor
characterization-caseSeries.R,@end_anchor
characterization-caseSeries.R,@database_id
characterization-caseSeries.R,@schema
characterization-caseSeries.R,@c_table_prefixcovariates_continuous
characterization-caseSeries.R,@schema
characterization-caseSeries.R,@c_table_prefixcovariate_ref
characterization-caseSeries.R,@schema
characterization-caseSeries.R,@c_table_prefixsettings
characterization-caseSeries.R,@target_id
characterization-caseSeries.R,@outcome_id
characterization-caseSeries.R,@risk_window_start
characterization-caseSeries.R,@risk_window_end
characterization-caseSeries.R,@start_anchor
characterization-caseSeries.R,@end_anchor
characterization-caseSeries.R,@database_id
characterization-cohorts.R,@schema
characterization-cohorts.R,@c_table_prefixCOVARIATES
characterization-cohorts.R,@schema
characterization-cohorts.R,@c_table_prefixcovariate_ref
characterization-cohorts.R,@schema
characterization-cohorts.R,@c_table_prefixsettings
characterization-cohorts.R,@target_ids
characterization-cohorts.R,@database_ids
characterization-cohorts.R,@min_threshold
characterization-cohorts.R,@schema
characterization-cohorts.R,@c_table_prefixCOVARIATES_continuous
characterization-cohorts.R,@schema
characterization-cohorts.R,@c_table_prefixcovariate_ref
characterization-cohorts.R,@schema
characterization-cohorts.R,@c_table_prefixsettings
characterization-cohorts.R,@schema
characterization-cohorts.R,@database_meta_table
characterization-cohorts.R,@target_ids
characterization-cohorts.R,@database_ids
characterization-cohorts.R,@schema
characterization-cohorts.R,@database_table
characterization-cohorts.R,@schema
characterization-cohorts.R,@c_table_prefixcohort_details
characterization-cohorts.R,@target_id
characterization-dechallengeRechallenge.R,@schema
characterization-dechallengeRechallenge.R,@c_table_prefixDECHALLENGE_RECHALLENGE
characterization-dechallengeRechallenge.R,@schema
characterization-dechallengeRechallenge.R,@cg_table_prefixCOHORT_DEFINITION
characterization-dechallengeRechallenge.R,@schema
characterization-dechallengeRechallenge.R,@cg_table_prefixCOHORT_DEFINITION
characterization-dechallengeRechallenge.R,@schema
characterization-dechallengeRechallenge.R,@c_table_prefixDECHALLENGE_RECHALLENGE
characterization-dechallengeRechallenge.R,@schema
characterization-dechallengeRechallenge.R,@database_table
characterization-dechallengeRechallenge.R,@target_id
characterization-dechallengeRechallenge.R,@outcome_id
characterization-dechallengeRechallenge.R,@schema
characterization-dechallengeRechallenge.R,@c_table_prefixRECHALLENGE_FAIL_CASE_SERIES
characterization-dechallengeRechallenge.R,@target_id
characterization-dechallengeRechallenge.R,@outcome_id
characterization-dechallengeRechallenge.R,@database_id
characterization-dechallengeRechallenge.R,@dechallenge_stop_interval
characterization-dechallengeRechallenge.R,@dechallenge_evaluation_window
characterization-dechallengeRechallenge.R,@schema
characterization-dechallengeRechallenge.R,@cg_table_prefixCOHORT_COUNT
characterization-dechallengeRechallenge.R,@cohort_id
characterization-incidence.R,@result_schema
characterization-incidence.R,@incidence_table_prefixINCIDENCE_SUMMARY
characterization-incidence.R,@result_schema
characterization-incidence.R,@incidence_table_prefixOUTCOME_DEF
characterization-incidence.R,@result_schema
characterization-incidence.R,@incidence_table_prefixTAR_DEF
characterization-incidence.R,@result_schema
characterization-incidence.R,@incidence_table_prefixSUBGROUP_DEF
characterization-incidence.R,@result_schema
characterization-incidence.R,@incidence_table_prefixAGE_GROUP_DEF
characterization-incidence.R,@result_schema
characterization-incidence.R,@database_table_name
characterization-incidence.R,@result_schema
characterization-incidence.R,@cg_table_prefixcohort_definition
characterization-incidence.R,@result_schema
characterization-incidence.R,@cg_table_prefixcohort_definition
characterization-incidence.R,@target_ids
characterization-incidence.R,@outcome_ids
characterization-incidence.R,@result_schema
characterization-incidence.R,@incidence_table_prefixOUTCOME_DEF
characterization-incidence.R,@schema
characterization-incidence.R,@ci_table_prefixtar_def
characterization-riskFactors.R,@schema
characterization-riskFactors.R,@c_table_prefixcohort_counts
characterization-riskFactors.R,@database_id
characterization-riskFactors.R,@target_id
characterization-riskFactors.R,@outcome_id
characterization-riskFactors.R,@risk_window_start
characterization-riskFactors.R,@risk_window_end
characterization-riskFactors.R,@start_anchor
characterization-riskFactors.R,@end_anchor
characterization-riskFactors.R,@schema
characterization-riskFactors.R,@c_table_prefixsettings
characterization-riskFactors.R,@database_id
characterization-riskFactors.R,@risk_window_start
characterization-riskFactors.R,@risk_window_end
characterization-riskFactors.R,@start_anchor
characterization-riskFactors.R,@end_anchor
characterization-riskFactors.R,@schema
characterization-riskFactors.R,@c_table_prefixsettings
characterization-riskFactors.R,@database_id
characterization-riskFactors.R,@schema
characterization-riskFactors.R,@c_table_prefixcovariates
characterization-riskFactors.R,@schema
characterization-riskFactors.R,@c_table_prefixcovariate_ref
characterization-riskFactors.R,@schema
characterization-riskFactors.R,@c_table_prefixsettings
characterization-riskFactors.R,@target_id
characterization-riskFactors.R,@outcome_id
characterization-riskFactors.R,@database_id
characterization-riskFactors.R,@setting_ids
characterization-riskFactors.R,@schema
characterization-riskFactors.R,@c_table_prefixcovariates_continuous
characterization-riskFactors.R,@schema
characterization-riskFactors.R,@c_table_prefixcovariate_ref
characterization-riskFactors.R,@schema
characterization-riskFactors.R,@c_table_prefixsettings
characterization-riskFactors.R,@target_id
characterization-riskFactors.R,@outcome_id
characterization-riskFactors.R,@database_id
characterization-riskFactors.R,@setting_ids
characterization-timeToEvent.R,@schema
characterization-timeToEvent.R,@c_table_prefixTIME_TO_EVENT
characterization-timeToEvent.R,@schema
characterization-timeToEvent.R,@database_table
characterization-timeToEvent.R,@target_id
characterization-timeToEvent.R,@outcome_id
cohort-diagnostics-characterization.R,@select_stament
cohort-diagnostics-characterization.R,@results_database_schema
cohort-diagnostics-characterization.R,@table_prefixtemporal_covariate_ref
cohort-diagnostics-characterization.R,@results_database_schema
cohort-diagnostics-characterization.R,@table_prefixtemporal_analysis_ref
cohort-diagnostics-characterization.R,@results_database_schema
cohort-diagnostics-characterization.R,@table_prefixtemporal_covariate_value
cohort-diagnostics-characterization.R,@results_database_schema
cohort-diagnostics-characterization.R,@table_prefixtemporal_time_ref
cohort-diagnostics-conceptsInDataSource.R,@schema
cohort-diagnostics-conceptsInDataSource.R,@table_name
cohort-diagnostics-conceptsInDataSource.R,@cohort_id
cohort-diagnostics-conceptsInDataSource.R,@database_ids
cohort-diagnostics-conceptsInDataSource.R,@schema
cohort-diagnostics-conceptsInDataSource.R,@table_name
cohort-diagnostics-conceptsInDataSource.R,@cohort_id
cohort-diagnostics-conceptsInDataSource.R,@database_ids
cohort-diagnostics-conceptsInDataSource.R,@schema
cohort-diagnostics-conceptsInDataSource.R,@concept_table
cohort-diagnostics-databaseInformation.R,@schema
cohort-diagnostics-databaseInformation.R,@metadata
cohort-diagnostics-databaseInformation.R,@database_id
cohort-diagnostics-definition.R,@schema
cohort-diagnostics-definition.R,@cohort_table
cohort-diagnostics-definition.R,@cohort_ids
cohort-diagnostics-definition.R,@schema
cohort-diagnostics-definition.R,@table_name
cohort-diagnostics-definition.R,@cohort_id
cohort-diagnostics-definition.R,@database_ids
cohort-diagnostics-incidenceRates.R,@schema
cohort-diagnostics-incidenceRates.R,@ir_table
cohort-diagnostics-incidenceRates.R,@person_years
cohort-diagnostics-incidenceRates.R,@schema
cohort-diagnostics-incidenceRates.R,@ir_table
cohort-diagnostics-incidenceRates.R,@person_years
cohort-diagnostics-incidenceRates.R,@schema
cohort-diagnostics-incidenceRates.R,@ir_table
cohort-diagnostics-incidenceRates.R,@person_years
cohort-diagnostics-incidenceRates.R,@schema
cohort-diagnostics-incidenceRates.R,@ir_table
cohort-diagnostics-incidenceRates.R,@person_years
cohort-diagnostics-incidenceRates.R,@schema
cohort-diagnostics-incidenceRates.R,@ir_table
cohort-diagnostics-incidenceRates.R,@schema
cohort-diagnostics-incidenceRates.R,@cc_table
cohort-diagnostics-incidenceRates.R,@cohort_ids
cohort-diagnostics-incidenceRates.R,@database_ids
cohort-diagnostics-incidenceRates.R,@gender
cohort-diagnostics-incidenceRates.R,@age_group
cohort-diagnostics-incidenceRates.R,@calendar_year
cohort-diagnostics-incidenceRates.R,@personYears
cohort-diagnostics-indexEventBreakdown.R,@schema
cohort-diagnostics-indexEventBreakdown.R,@table_name
cohort-diagnostics-indexEventBreakdown.R,@vocabulary_database_schema
cohort-diagnostics-indexEventBreakdown.R,@concept_table
cohort-diagnostics-indexEventBreakdown.R,@database_id
cohort-diagnostics-indexEventBreakdown.R,@cohort_ids
cohort-diagnostics-main.R,@schema
cohort-diagnostics-main.R,@schema
cohort-diagnostics-main.R,@table
cohort-diagnostics-main.R,@schema
cohort-diagnostics-main.R,@schema
cohort-diagnostics-main.R,@table_name
cohort-diagnostics-orphanConcepts.R,@schema
cohort-diagnostics-orphanConcepts.R,@orphan_table_name
cohort-diagnostics-orphanConcepts.R,@schema
cohort-diagnostics-orphanConcepts.R,@cs_table_name
cohort-diagnostics-orphanConcepts.R,@vocabulary_database_schema
cohort-diagnostics-orphanConcepts.R,@concept_table
cohort-diagnostics-orphanConcepts.R,@cohort_id
cohort-diagnostics-orphanConcepts.R,@database_ids
cohort-diagnostics-orphanConcepts.R,@search_str
cohort-diagnostics-orphanConcepts.R,@search_str
cohort-diagnostics-orphanConcepts.R,@use_concept_set_id
cohort-diagnostics-orphanConcepts.R,@concept_set_id
cohort-diagnostics-orphanConcepts.R,@sort_by
cohort-diagnostics-shared.R,@schema
cohort-diagnostics-shared.R,@table_name
cohort-diagnostics-shared.R,@schema
cohort-diagnostics-shared.R,@database_table
cohort-diagnostics-shared.R,@use_database_ids
cohort-diagnostics-shared.R,@database_ids
cohort-diagnostics-shared.R,@cohort_ids
cohort-diagnostics-shared.R,@cohort_ids
cohort-diagnostics-shared.R,@schema
cohort-diagnostics-shared.R,@table_name
cohort-diagnostics-shared.R,@use_database_ids
cohort-diagnostics-shared.R,@database_ids
cohort-diagnostics-shared.R,@cohort_ids
cohort-diagnostics-shared.R,@cohort_ids
cohort-diagnostics-shared.R,@schema
cohort-diagnostics-shared.R,@database_table
cohort-diagnostics-shared.R,@database_ids
cohort-diagnostics-shared.R,@schema
cohort-diagnostics-shared.R,@table_name
cohort-diagnostics-shared.R,@database_id
cohort-diagnostics-shared.R,@cohort_ids
cohort-diagnostics-shared.R,@cohort_ids
cohort-diagnostics-visitContext.R,@schema
cohort-diagnostics-visitContext.R,@table_name
cohort-diagnostics-visitContext.R,@vocabulary_database_schema
cohort-diagnostics-visitContext.R,@concept_table
cohort-diagnostics-visitContext.R,@database_id
cohort-diagnostics-visitContext.R,@cohort_ids
cohort-generator-main.R,@schema
cohort-generator-main.R,@cg_table_prefixCOHORT_COUNT
cohort-generator-main.R,@schema
cohort-generator-main.R,@database_table_prefix
cohort-generator-main.R,@database_table
cohort-generator-main.R,@schema
cohort-generator-main.R,@cg_table_prefixCOHORT_DEFINITION
cohort-generator-main.R,@schema
cohort-generator-main.R,@cg_table_prefixCOHORT_GENERATION
cohort-generator-main.R,@schema
cohort-generator-main.R,@database_table_prefix
cohort-generator-main.R,@database_table
cohort-generator-main.R,@schema
cohort-generator-main.R,@cg_table_prefixCOHORT_SUMMARY_STATS
cohort-generator-main.R,@schema
cohort-generator-main.R,@database_table_prefix
cohort-generator-main.R,@database_table
cohort-generator-main.R,@schema
cohort-generator-main.R,@cg_table_prefixCOHORT_DEFINITION
cohort-generator-main.R,@schema
cohort-generator-main.R,@cg_table_prefixCOHORT_INCLUSION
cohort-generator-main.R,@schema
cohort-generator-main.R,@cg_table_prefixCOHORT_DEFINITION
cohort-generator-main.R,@schema
cohort-generator-main.R,@cg_table_prefixCOHORT_INC_RESULT
cohort-generator-main.R,@schema
cohort-generator-main.R,@database_table_prefix
cohort-generator-main.R,@database_table
data-diagnostic-drill.R,@schema
data-diagnostic-drill.R,@dd_table_prefixdata_diagnostics_output
data-diagnostic-drill.R,@analysis_name
data-diagnostic-drill.R,@database_id
data-diagnostic-drill.R,@schema
data-diagnostic-drill.R,@dd_table_prefixdata_diagnostics_summary
data-diagnostic-drill.R,@schema
data-diagnostic-drill.R,@dd_table_prefixdata_diagnostics_summary
data-diagnostic-drill.R,@analysis
data-diagnostic-drill.R,@schema
data-diagnostic-drill.R,@dd_table_prefixdata_diagnostics_summary
data-diagnostic-drill.R,@analysis
data-diagnostic-summary.R,@schema
data-diagnostic-summary.R,@dd_table_prefixdata_diagnostics_summary
data-diagnostic-summary.R,@schema
data-diagnostic-summary.R,@dd_table_prefixdata_diagnostics_summary
data-diagnostic-summary.R,@names
datasources-main.R,@schema
datasources-main.R,@database_table
estimation-cohort-method-attrition.R,@schema
estimation-cohort-method-attrition.R,@cm_table_prefixattrition
estimation-cohort-method-attrition.R,@target_id
estimation-cohort-method-attrition.R,@comparator_id
estimation-cohort-method-attrition.R,@outcome_id
estimation-cohort-method-attrition.R,@analysis_id
estimation-cohort-method-attrition.R,@database_id
estimation-cohort-method-covariateBalance.R,@result_schema
estimation-cohort-method-covariateBalance.R,@cm_table_prefixCOVARIATE_BALANCE
estimation-cohort-method-covariateBalance.R,@result_schema
estimation-cohort-method-covariateBalance.R,@database_table_name
estimation-cohort-method-covariateBalance.R,@results_schema
estimation-cohort-method-covariateBalance.R,@cm_table_prefixshared_covariate_balance
estimation-cohort-method-covariateBalance.R,@results_schema
estimation-cohort-method-covariateBalance.R,@cm_table_prefixcovariate
estimation-cohort-method-covariateBalance.R,@results_schema
estimation-cohort-method-covariateBalance.R,@cm_table_prefixcovariate_analysis
estimation-cohort-method-covariateBalance.R,@table_prefixcovariate
estimation-cohort-method-covariateBalance.R,@target_id
estimation-cohort-method-covariateBalance.R,@comparator_id
estimation-cohort-method-covariateBalance.R,@analysis_id
estimation-cohort-method-covariateBalance.R,@covariate_analysis_id
estimation-cohort-method-covariateBalance.R,@database_id
estimation-cohort-method-covariateBalance.R,@result_schema
estimation-cohort-method-covariateBalance.R,@cm_table_prefixCOVARIATE_ANALYSIS
estimation-cohort-method-covariateBalance.R,@schema
estimation-cohort-method-covariateBalance.R,@cm_table_prefixdiagnostics_summary
estimation-cohort-method-covariateBalance.R,@schema
estimation-cohort-method-covariateBalance.R,@database_table
estimation-cohort-method-covariateBalance.R,@target_id
estimation-cohort-method-covariateBalance.R,@comparator_id
estimation-cohort-method-covariateBalance.R,@outcome_id
estimation-cohort-method-covariateBalance.R,@analysis_id
estimation-cohort-method-covariateBalance.R,@database_id
estimation-cohort-method-diagnostics.R,@schema
estimation-cohort-method-diagnostics.R,@cm_table_prefixdiagnostics_summary
estimation-cohort-method-diagnostics.R,@schema
estimation-cohort-method-diagnostics.R,@cm_table_prefixanalysis
estimation-cohort-method-diagnostics.R,@schema
estimation-cohort-method-diagnostics.R,@database_table
estimation-cohort-method-diagnostics.R,@schema
estimation-cohort-method-diagnostics.R,@cg_table_prefixcohort_definition
estimation-cohort-method-diagnostics.R,@schema
estimation-cohort-method-diagnostics.R,@cg_table_prefixcohort_definition
estimation-cohort-method-diagnostics.R,@schema
estimation-cohort-method-diagnostics.R,@cg_table_prefixcohort_definition
estimation-cohort-method-diagnostics.R,@targets
estimation-cohort-method-diagnostics.R,@use_comparators
estimation-cohort-method-diagnostics.R,@comparators
estimation-cohort-method-diagnostics.R,@outcomes
estimation-cohort-method-diagnostics.R,@use_analyses
estimation-cohort-method-diagnostics.R,@analyses
estimation-cohort-method-kaplainMeier.R,@schema
estimation-cohort-method-kaplainMeier.R,@cm_table_prefixkaplan_meier_dist
estimation-cohort-method-kaplainMeier.R,@target_id
estimation-cohort-method-kaplainMeier.R,@comparator_id
estimation-cohort-method-kaplainMeier.R,@outcome_id
estimation-cohort-method-kaplainMeier.R,@analysis_id
estimation-cohort-method-kaplainMeier.R,@database_id
estimation-cohort-method-populationCharacteristics.R,@schema
estimation-cohort-method-populationCharacteristics.R,@cm_table_prefixcovariate_balance
estimation-cohort-method-populationCharacteristics.R,@target_id
estimation-cohort-method-populationCharacteristics.R,@comparator_id
estimation-cohort-method-populationCharacteristics.R,@outcome_id
estimation-cohort-method-populationCharacteristics.R,@analysis_id
estimation-cohort-method-populationCharacteristics.R,@database_id
estimation-cohort-method-populationCharacteristics.R,@schema
estimation-cohort-method-populationCharacteristics.R,@cm_table_prefixcovariate
estimation-cohort-method-power.R,@schema
estimation-cohort-method-power.R,@cm_table_prefixanalysis
estimation-cohort-method-power.R,@schema
estimation-cohort-method-power.R,@cm_table_prefixfollow_up_dist
estimation-cohort-method-power.R,@target_id
estimation-cohort-method-power.R,@comparator_id
estimation-cohort-method-power.R,@outcome_id
estimation-cohort-method-power.R,@analysis_id
estimation-cohort-method-propensityModel.R,@schema
estimation-cohort-method-propensityModel.R,@cm_table_prefixcovariate
estimation-cohort-method-propensityModel.R,@analysis_id
estimation-cohort-method-propensityModel.R,@database_id
estimation-cohort-method-propensityModel.R,@schema
estimation-cohort-method-propensityModel.R,@cm_table_prefixpropensity_model
estimation-cohort-method-propensityModel.R,@target_id
estimation-cohort-method-propensityModel.R,@comparator_id
estimation-cohort-method-propensityModel.R,@analysis_id
estimation-cohort-method-propensityModel.R,@database_id
estimation-cohort-method-propensityScoreDistribution.R,@schema
estimation-cohort-method-propensityScoreDistribution.R,@cm_table_prefixdiagnostics_summary
estimation-cohort-method-propensityScoreDistribution.R,@target_id
estimation-cohort-method-propensityScoreDistribution.R,@comparator_id
estimation-cohort-method-propensityScoreDistribution.R,@analysis_id
estimation-cohort-method-propensityScoreDistribution.R,@outcome_id
estimation-cohort-method-propensityScoreDistribution.R,@schema
estimation-cohort-method-propensityScoreDistribution.R,@cm_table_prefixpreference_score_dist
estimation-cohort-method-propensityScoreDistribution.R,@target_id
estimation-cohort-method-propensityScoreDistribution.R,@comparator_id
estimation-cohort-method-propensityScoreDistribution.R,@analysis_id
estimation-cohort-method-results.R,@schema
estimation-cohort-method-results.R,@cm_table_prefixanalysis
estimation-cohort-method-results.R,@schema
estimation-cohort-method-results.R,@cm_table_prefixresult
estimation-cohort-method-results.R,@schema
estimation-cohort-method-results.R,@database_table
estimation-cohort-method-results.R,@schema
estimation-cohort-method-results.R,@cm_table_prefixdiagnostics_summary
estimation-cohort-method-results.R,@schema
estimation-cohort-method-results.R,@cg_table_prefixcohort_definition
estimation-cohort-method-results.R,@schema
estimation-cohort-method-results.R,@cg_table_prefixcohort_definition
estimation-cohort-method-results.R,@schema
estimation-cohort-method-results.R,@cg_table_prefixcohort_definition
estimation-cohort-method-results.R,@targets
estimation-cohort-method-results.R,@use_comparators
estimation-cohort-method-results.R,@comparators
estimation-cohort-method-results.R,@outcomes
estimation-cohort-method-results.R,@schema
estimation-cohort-method-results.R,@es_table_prefixcm_result
estimation-cohort-method-results.R,@schema
estimation-cohort-method-results.R,@cm_table_prefixtarget_comparator_outcome
estimation-cohort-method-results.R,@schema
estimation-cohort-method-results.R,@es_table_prefixcm_diagnostics_summary
estimation-cohort-method-results.R,@schema
estimation-cohort-method-results.R,@cg_table_prefixcohort_definition
estimation-cohort-method-results.R,@schema
estimation-cohort-method-results.R,@cg_table_prefixcohort_definition
estimation-cohort-method-results.R,@schema
estimation-cohort-method-results.R,@cg_table_prefixcohort_definition
estimation-cohort-method-results.R,@schema
estimation-cohort-method-results.R,@cm_table_prefixanalysis
estimation-cohort-method-results.R,@schema
estimation-cohort-method-results.R,@es_table_prefixanalysis
estimation-cohort-method-results.R,@target_ids
estimation-cohort-method-results.R,@outcome_id
estimation-cohort-method-systematicError.R,@schema
estimation-cohort-method-systematicError.R,@cm_table_prefixresult
estimation-cohort-method-systematicError.R,@schema
estimation-cohort-method-systematicError.R,@cm_table_prefixtarget_comparator_outcome
estimation-cohort-method-systematicError.R,@target_id
estimation-cohort-method-systematicError.R,@comparator_id
estimation-cohort-method-systematicError.R,@analysis_id
estimation-cohort-method-systematicError.R,@schema
estimation-cohort-method-systematicError.R,@cm_table_prefixdiagnostics_summary
estimation-cohort-method-systematicError.R,@schema
estimation-cohort-method-systematicError.R,@database_table
estimation-cohort-method-systematicError.R,@target_id
estimation-cohort-method-systematicError.R,@comparator_id
estimation-cohort-method-systematicError.R,@analysis_id
estimation-cohort-method-systematicError.R,@database_id
estimation-sccs-diagnostics.R,@schema
estimation-sccs-diagnostics.R,@sccs_table_prefixdiagnostics_summary
estimation-sccs-diagnostics.R,@schema
estimation-sccs-diagnostics.R,@sccs_table_prefixexposures_outcome_set
estimation-sccs-diagnostics.R,@schema
estimation-sccs-diagnostics.R,@cg_table_prefixcohort_definition
estimation-sccs-diagnostics.R,@schema
estimation-sccs-diagnostics.R,@database_table_prefix
estimation-sccs-diagnostics.R,@database_table
estimation-sccs-diagnostics.R,@schema
estimation-sccs-diagnostics.R,@sccs_table_prefixanalysis
estimation-sccs-diagnostics.R,@schema
estimation-sccs-diagnostics.R,@sccs_table_prefixcovariate
estimation-sccs-diagnostics.R,@schema
estimation-sccs-diagnostics.R,@cg_table_prefixcohort_definition
estimation-sccs-diagnostics.R,@schema
estimation-sccs-diagnostics.R,@cg_table_prefixcohort_definition
estimation-sccs-diagnostics.R,@target_ids
estimation-sccs-diagnostics.R,@outcome_ids
estimation-sccs-results-full.R,@schema
estimation-sccs-results-full.R,@sccs_table_prefixattrition
estimation-sccs-results-full.R,@database_id
estimation-sccs-results-full.R,@analysis_id
estimation-sccs-results-full.R,@exposures_outcome_set_id
estimation-sccs-results-full.R,@covariate_id
estimation-sccs-results-full.R,@schema
estimation-sccs-results-full.R,@sccs_table_prefixcovariate_result
estimation-sccs-results-full.R,@schema
estimation-sccs-results-full.R,@sccs_table_prefixcovariate
estimation-sccs-results-full.R,@schema
estimation-sccs-results-full.R,@cg_table_prefixcohort_definition
estimation-sccs-results-full.R,@schema
estimation-sccs-results-full.R,@sccs_table_prefixera
estimation-sccs-results-full.R,@database_id
estimation-sccs-results-full.R,@analysis_id
estimation-sccs-results-full.R,@exposure_id
estimation-sccs-results-full.R,@exposures_outcome_set_id
estimation-sccs-results-full.R,@schema
estimation-sccs-results-full.R,@sccs_table_prefixtime_trend
estimation-sccs-results-full.R,@database_id
estimation-sccs-results-full.R,@analysis_id
estimation-sccs-results-full.R,@exposures_outcome_set_id
estimation-sccs-results-full.R,@schema
estimation-sccs-results-full.R,@sccs_table_prefixdiagnostics_summary
estimation-sccs-results-full.R,@database_id
estimation-sccs-results-full.R,@covariate_id
estimation-sccs-results-full.R,@analysis_id
estimation-sccs-results-full.R,@exposures_outcome_set_id
estimation-sccs-results-full.R,@p
estimation-sccs-results-full.R,@schema
estimation-sccs-results-full.R,@sccs_table_prefixtime_to_event
estimation-sccs-results-full.R,@database_id
estimation-sccs-results-full.R,@exposure_id
estimation-sccs-results-full.R,@analysis_id
estimation-sccs-results-full.R,@exposures_outcome_set_id
estimation-sccs-results-full.R,@schema
estimation-sccs-results-full.R,@sccs_table_prefixevent_dep_observation
estimation-sccs-results-full.R,@database_id
estimation-sccs-results-full.R,@analysis_id
estimation-sccs-results-full.R,@exposures_outcome_set_id
estimation-sccs-results-full.R,@schema
estimation-sccs-results-full.R,@sccs_table_prefixage_spanning
estimation-sccs-results-full.R,@database_id
estimation-sccs-results-full.R,@analysis_id
estimation-sccs-results-full.R,@exposures_outcome_set_id
estimation-sccs-results-full.R,@schema
estimation-sccs-results-full.R,@sccs_table_prefixcalendar_time_spanning
estimation-sccs-results-full.R,@database_id
estimation-sccs-results-full.R,@analysis_id
estimation-sccs-results-full.R,@exposures_outcome_set_id
estimation-sccs-results-full.R,@schema
estimation-sccs-results-full.R,@sccs_table_prefixspline
estimation-sccs-results-full.R,@database_id
estimation-sccs-results-full.R,@analysis_id
estimation-sccs-results-full.R,@exposures_outcome_set_id
estimation-sccs-results-full.R,@spline_type
estimation-sccs-results-full.R,@schema
estimation-sccs-results-full.R,@sccs_table_prefixresult
estimation-sccs-results-full.R,@schema
estimation-sccs-results-full.R,@sccs_table_prefixexposure
estimation-sccs-results-full.R,@schema
estimation-sccs-results-full.R,@sccs_table_prefixcovariate
estimation-sccs-results-full.R,@database_id
estimation-sccs-results-full.R,@analysis_id
estimation-sccs-results-full.R,@covariate_id
estimation-sccs-results-full.R,@era_id
estimation-sccs-results-full.R,@schema
estimation-sccs-results-full.R,@sccs_table_prefixdiagnostics_summary
estimation-sccs-results-full.R,@database_id
estimation-sccs-results-full.R,@analysis_id
estimation-sccs-results-full.R,@covariate_id
estimation-sccs-results.R,@schema
estimation-sccs-results.R,@sccs_table_prefixresult
estimation-sccs-results.R,@schema
estimation-sccs-results.R,@database_table_prefix
estimation-sccs-results.R,@database_table
estimation-sccs-results.R,@schema
estimation-sccs-results.R,@sccs_table_prefixdiagnostics_summary
estimation-sccs-results.R,@schema
estimation-sccs-results.R,@sccs_table_prefixcovariate
estimation-sccs-results.R,@schema
estimation-sccs-results.R,@sccs_table_prefixexposures_outcome_set
estimation-sccs-results.R,@schema
estimation-sccs-results.R,@sccs_table_prefixanalysis
estimation-sccs-results.R,@schema
estimation-sccs-results.R,@cg_table_prefixcohort_definition
estimation-sccs-results.R,@schema
estimation-sccs-results.R,@cg_table_prefixcohort_definition
estimation-sccs-results.R,@schema
estimation-sccs-results.R,@cg_table_prefixcohort_definition
estimation-sccs-results.R,@outcome_ids
estimation-sccs-results.R,@exposure_ids
estimation-sccs-results.R,@schema
estimation-sccs-results.R,@es_table_prefixsccs_result
estimation-sccs-results.R,@schema
estimation-sccs-results.R,@sccs_table_prefixexposures_outcome_set
estimation-sccs-results.R,@schema
estimation-sccs-results.R,@sccs_table_prefixcovariate
estimation-sccs-results.R,@schema
estimation-sccs-results.R,@es_table_prefixsccs_diagnostics_summary
estimation-sccs-results.R,@schema
estimation-sccs-results.R,@cg_table_prefixcohort_definition
estimation-sccs-results.R,@schema
estimation-sccs-results.R,@cg_table_prefixcohort_definition
estimation-sccs-results.R,@schema
estimation-sccs-results.R,@sccs_table_prefixanalysis
estimation-sccs-results.R,@schema
estimation-sccs-results.R,@es_table_prefixanalysis
estimation-sccs-results.R,@schema
estimation-sccs-results.R,@cg_table_prefixcohort_definition
estimation-sccs-results.R,@target_ids
estimation-sccs-results.R,@outcome_id
helpers-getPredictionResult.R,@schema
helpers-getPredictionResult.R,@table_name
helpers-getPredictionResult.R,@performance_id
helpers-sccsDataPulls.R,@schema
helpers-sccsDataPulls.R,@sccs_table_prefixexposures_outcome_set
helpers-sccsDataPulls.R,@schema
helpers-sccsDataPulls.R,@cg_table_prefixcohort_definition
helpers-sccsDataPulls.R,@schema
helpers-sccsDataPulls.R,@sccs_table_prefixexposure
helpers-sccsDataPulls.R,@schema
helpers-sccsDataPulls.R,@sccs_table_prefixexposures_outcome_set
helpers-sccsDataPulls.R,@schema
helpers-sccsDataPulls.R,@cg_table_prefixcohort_definition
helpers-sccsDataPulls.R,@schema
helpers-sccsDataPulls.R,@sccs_table_prefixcovariate
helpers-sccsDataPulls.R,@schema
helpers-sccsDataPulls.R,@sccs_table_prefixexposure
helpers-sccsDataPulls.R,@schema
helpers-sccsDataPulls.R,@cg_table_prefixcohort_definition
helpers-sccsDataPulls.R,@schema
helpers-sccsDataPulls.R,@sccs_table_prefixresult
helpers-sccsDataPulls.R,@schema
helpers-sccsDataPulls.R,@sccs_table_prefixexposures_outcome_set
helpers-sccsDataPulls.R,@schema
helpers-sccsDataPulls.R,@sccs_table_prefixcovariate
helpers-sccsDataPulls.R,@schema
helpers-sccsDataPulls.R,@sccs_table_prefixexposure
helpers-sccsDataPulls.R,@schema
helpers-sccsDataPulls.R,@cg_table_prefixcohort_definition
helpers-sccsDataPulls.R,@schema
helpers-sccsDataPulls.R,@database_table_prefix
helpers-sccsDataPulls.R,@database_table
helpers-sccsDataPulls.R,@schema
helpers-sccsDataPulls.R,@sccs_table_prefixresult
helpers-sccsDataPulls.R,@schema
helpers-sccsDataPulls.R,@sccs_table_prefixresult
helpers-sccsDataPulls.R,@schema
helpers-sccsDataPulls.R,@sccs_table_prefixanalysis
helpers-sccsDataPulls.R,@schema
helpers-sccsDataPulls.R,@sccs_table_prefixcovariate_result
helpers-sccsDataPulls.R,@schema
helpers-sccsDataPulls.R,@sccs_table_prefixcovariate
helpers-sccsDataPulls.R,@schema
helpers-sccsDataPulls.R,@cg_table_prefixcohort_definition
helpers-sccsDataPulls.R,@schema
helpers-sccsDataPulls.R,@sccs_table_prefixera
helpers-sccsDataPulls.R,@schema
helpers-sccsDataPulls.R,@sccs_table_prefixexposures_outcome_set
helpers-sccsDataPulls.R,@database_id
helpers-sccsDataPulls.R,@analysis_id
helpers-sccsDataPulls.R,@outcome_id
helpers-sccsDataPulls.R,@exposure_id
helpers-sccsDataPulls.R,@schema
helpers-sccsDataPulls.R,@sccs_table_prefixtime_trend
helpers-sccsDataPulls.R,@schema
helpers-sccsDataPulls.R,@sccs_table_prefixexposures_outcome_set
helpers-sccsDataPulls.R,@database_id
helpers-sccsDataPulls.R,@analysis_id
helpers-sccsDataPulls.R,@outcome_id
helpers-sccsDataPulls.R,@schema
helpers-sccsDataPulls.R,@sccs_table_prefixdiagnostics_summary
helpers-sccsDataPulls.R,@schema
helpers-sccsDataPulls.R,@sccs_table_prefixexposures_outcome_set
helpers-sccsDataPulls.R,@database_id
helpers-sccsDataPulls.R,@covariate_id
helpers-sccsDataPulls.R,@analysis_id
helpers-sccsDataPulls.R,@outcome_id
helpers-sccsDataPulls.R,@p
helpers-sccsDataPulls.R,@schema
helpers-sccsDataPulls.R,@sccs_table_prefixtime_to_event
helpers-sccsDataPulls.R,@schema
helpers-sccsDataPulls.R,@sccs_table_prefixexposures_outcome_set
helpers-sccsDataPulls.R,@database_id
helpers-sccsDataPulls.R,@exposure_id
helpers-sccsDataPulls.R,@analysis_id
helpers-sccsDataPulls.R,@outcome_id
helpers-sccsDataPulls.R,@schema
helpers-sccsDataPulls.R,@sccs_table_prefixattrition
helpers-sccsDataPulls.R,@schema
helpers-sccsDataPulls.R,@sccs_table_prefixexposures_outcome_set
helpers-sccsDataPulls.R,@database_id
helpers-sccsDataPulls.R,@analysis_id
helpers-sccsDataPulls.R,@outcome_id
helpers-sccsDataPulls.R,@covariate_id
helpers-sccsDataPulls.R,@schema
helpers-sccsDataPulls.R,@sccs_table_prefixevent_dep_observation
helpers-sccsDataPulls.R,@schema
helpers-sccsDataPulls.R,@sccs_table_prefixexposures_outcome_set
helpers-sccsDataPulls.R,@database_id
helpers-sccsDataPulls.R,@analysis_id
helpers-sccsDataPulls.R,@outcome_id
helpers-sccsDataPulls.R,@schema
helpers-sccsDataPulls.R,@sccs_table_prefixage_spanning
helpers-sccsDataPulls.R,@schema
helpers-sccsDataPulls.R,@sccs_table_prefixexposures_outcome_set
helpers-sccsDataPulls.R,@database_id
helpers-sccsDataPulls.R,@analysis_id
helpers-sccsDataPulls.R,@outcome_id
helpers-sccsDataPulls.R,@schema
helpers-sccsDataPulls.R,@sccs_table_prefixcalendar_time_spanning
helpers-sccsDataPulls.R,@schema
helpers-sccsDataPulls.R,@sccs_table_prefixexposures_outcome_set
helpers-sccsDataPulls.R,@database_id
helpers-sccsDataPulls.R,@analysis_id
helpers-sccsDataPulls.R,@outcome_id
helpers-sccsDataPulls.R,@schema
helpers-sccsDataPulls.R,@sccs_table_prefixspline
helpers-sccsDataPulls.R,@schema
helpers-sccsDataPulls.R,@sccs_table_prefixexposures_outcome_set
helpers-sccsDataPulls.R,@database_id
helpers-sccsDataPulls.R,@analysis_id
helpers-sccsDataPulls.R,@outcome_id
helpers-sccsDataPulls.R,@spline_type
helpers-sccsDataPulls.R,@schema
helpers-sccsDataPulls.R,@sccs_table_prefixresult
helpers-sccsDataPulls.R,@schema
helpers-sccsDataPulls.R,@sccs_table_prefixcovariate
helpers-sccsDataPulls.R,@schema
helpers-sccsDataPulls.R,@sccs_table_prefixexposure
helpers-sccsDataPulls.R,@database_id
helpers-sccsDataPulls.R,@analysis_id
helpers-sccsDataPulls.R,@covariate_id
helpers-sccsDataPulls.R,@schema
helpers-sccsDataPulls.R,@sccs_table_prefixdiagnostics_summary
helpers-sccsDataPulls.R,@schema
helpers-sccsDataPulls.R,@sccs_table_prefixexposures_outcome_set
helpers-sccsDataPulls.R,@schema
helpers-sccsDataPulls.R,@sccs_table_prefixcovariate
helpers-sccsDataPulls.R,@database_id
helpers-sccsDataPulls.R,@analysis_id
helpers-sccsDataPulls.R,@covariate_id
helpers-sccsDataPulls.R,@outcome_id
helpers-sccsDataPulls.R,@exposure_id
patient-level-prediction-covariateSummary.R,@schema
patient-level-prediction-covariateSummary.R,@plp_table_prefixmodels
patient-level-prediction-covariateSummary.R,@database_id
patient-level-prediction-covariateSummary.R,@model_design_id
patient-level-prediction-covariateSummary.R,@schema
patient-level-prediction-covariateSummary.R,@plp_table_prefixcovariate_summary
patient-level-prediction-covariateSummary.R,@performance_id
patient-level-prediction-covariateSummary.R,@schema
patient-level-prediction-covariateSummary.R,@plp_table_prefixmodels
patient-level-prediction-covariateSummary.R,@database_id
patient-level-prediction-covariateSummary.R,@model_design_id
patient-level-prediction-designSummary.R,@schema
patient-level-prediction-designSummary.R,@plp_table_prefixmodel_designs
patient-level-prediction-designSummary.R,@schema
patient-level-prediction-designSummary.R,@plp_table_prefixcohorts
patient-level-prediction-designSummary.R,@schema
patient-level-prediction-designSummary.R,@cg_table_prefixcohort_definition
patient-level-prediction-designSummary.R,@type_id
patient-level-prediction-designSummary.R,@schema
patient-level-prediction-designSummary.R,@plp_table_prefixmodel_designs
patient-level-prediction-designSummary.R,@schema
patient-level-prediction-designSummary.R,@plp_table_prefixmodel_settings
patient-level-prediction-designSummary.R,@schema
patient-level-prediction-designSummary.R,@plp_table_prefixperformances
patient-level-prediction-designSummary.R,@schema
patient-level-prediction-designSummary.R,@plp_table_prefixEVALUATION_STATISTICS
patient-level-prediction-designSummary.R,@schema
patient-level-prediction-designSummary.R,@plp_table_prefixcohorts
patient-level-prediction-designSummary.R,@schema
patient-level-prediction-designSummary.R,@cg_table_prefixcohort_definition
patient-level-prediction-designSummary.R,@schema
patient-level-prediction-designSummary.R,@plp_table_prefixcohorts
patient-level-prediction-designSummary.R,@schema
patient-level-prediction-designSummary.R,@cg_table_prefixcohort_definition
patient-level-prediction-designSummary.R,@schema
patient-level-prediction-designSummary.R,@plp_table_prefixtars
patient-level-prediction-designSummary.R,@schema
patient-level-prediction-designSummary.R,@plp_table_prefixdatabase_details
patient-level-prediction-designSummary.R,@schema
patient-level-prediction-designSummary.R,@plp_table_prefixdatabase_details
patient-level-prediction-designSummary.R,@schema
patient-level-prediction-designSummary.R,@plp_table_prefixdiagnostics
patient-level-prediction-designSummary.R,@target_ids
patient-level-prediction-designSummary.R,@outcome_ids
patient-level-prediction-diagnostics.R,@schema
patient-level-prediction-diagnostics.R,@plp_table_prefixDIAGNOSTICS
patient-level-prediction-diagnostics.R,@model_design_id
patient-level-prediction-diagnostics.R,@schema
patient-level-prediction-diagnostics.R,@plp_table_prefixMODEL_DESIGNS
patient-level-prediction-diagnostics.R,@schema
patient-level-prediction-diagnostics.R,@plp_table_prefixDIAGNOSTIC_SUMMARY
patient-level-prediction-diagnostics.R,@schema
patient-level-prediction-diagnostics.R,@database_table_prefixdatabase_meta_data
patient-level-prediction-diagnostics.R,@schema
patient-level-prediction-diagnostics.R,@plp_table_prefixdatabase_details
patient-level-prediction-diagnostics.R,@schema
patient-level-prediction-diagnostics.R,@plp_table_prefixCOHORTS
patient-level-prediction-diagnostics.R,@schema
patient-level-prediction-diagnostics.R,@plp_table_prefixCOHORTS
patient-level-prediction-diagnostics.R,@schema
patient-level-prediction-diagnostics.R,@plp_table_prefix
patient-level-prediction-diagnostics.R,@table_name
patient-level-prediction-diagnostics.R,@diagnostic_id
patient-level-prediction-diagnostics.R,@schema
patient-level-prediction-diagnostics.R,@plp_table_prefix
patient-level-prediction-diagnostics.R,@table_name
patient-level-prediction-diagnostics.R,@diagnostic_id
patient-level-prediction-diagnostics.R,@schema
patient-level-prediction-diagnostics.R,@plp_table_prefix
patient-level-prediction-diagnostics.R,@table_name
patient-level-prediction-diagnostics.R,@diagnostic_id
patient-level-prediction-modelSummary.R,@schema
patient-level-prediction-modelSummary.R,@plp_table_prefixattrition
patient-level-prediction-modelSummary.R,@performance_id
patient-level-prediction-modelSummary.R,@schema
patient-level-prediction-modelSummary.R,@plp_table_prefixperformances
patient-level-prediction-modelSummary.R,@model_design_id
patient-level-prediction-modelSummary.R,@schema
patient-level-prediction-modelSummary.R,@plp_table_prefixmodel_designs
patient-level-prediction-modelSummary.R,@schema
patient-level-prediction-modelSummary.R,@plp_table_prefixcohorts
patient-level-prediction-modelSummary.R,@schema
patient-level-prediction-modelSummary.R,@cg_table_prefixcohort_definition
patient-level-prediction-modelSummary.R,@schema
patient-level-prediction-modelSummary.R,@plp_table_prefixcohorts
patient-level-prediction-modelSummary.R,@schema
patient-level-prediction-modelSummary.R,@cg_table_prefixcohort_definition
patient-level-prediction-modelSummary.R,@schema
patient-level-prediction-modelSummary.R,@database_table_prefix
patient-level-prediction-modelSummary.R,@database_table
patient-level-prediction-modelSummary.R,@schema
patient-level-prediction-modelSummary.R,@plp_table_prefixdatabase_details
patient-level-prediction-modelSummary.R,@schema
patient-level-prediction-modelSummary.R,@database_table_prefix
patient-level-prediction-modelSummary.R,@database_table
patient-level-prediction-modelSummary.R,@schema
patient-level-prediction-modelSummary.R,@plp_table_prefixdatabase_details
patient-level-prediction-modelSummary.R,@schema
patient-level-prediction-modelSummary.R,@plp_table_prefixtars
patient-level-prediction-modelSummary.R,@schema
patient-level-prediction-modelSummary.R,@plp_table_prefixevaluation_statistics
patient-level-prediction-modelSummary.R,@schema
patient-level-prediction-modelSummary.R,@plp_table_prefixevaluation_statistics
patient-level-prediction-modelSummary.R,@schema
patient-level-prediction-modelSummary.R,@plp_table_prefixevaluation_statistics
patient-level-prediction-modelSummary.R,@schema
patient-level-prediction-modelSummary.R,@plp_table_prefixevaluation_statistics
patient-level-prediction-modelSummary.R,@schema
patient-level-prediction-modelSummary.R,@plp_table_prefixevaluation_statistics
patient-level-prediction-settings.R,@schema
patient-level-prediction-settings.R,@plp_table_prefixperformances
patient-level-prediction-settings.R,@performance_id
patient-level-prediction-settings.R,@schema
patient-level-prediction-settings.R,@plp_table_prefixdatabase_details
patient-level-prediction-settings.R,@schema
patient-level-prediction-settings.R,@database_table_prefixdatabase_meta_data
patient-level-prediction-settings.R,@schema
patient-level-prediction-settings.R,@plp_table_prefixdatabase_details
patient-level-prediction-settings.R,@schema
patient-level-prediction-settings.R,@database_table_prefixdatabase_meta_data
patient-level-prediction-settings.R,@schema
patient-level-prediction-settings.R,@plp_table_prefixmodel_designs
patient-level-prediction-settings.R,@model_design_id
patient-level-prediction-settings.R,@schema
patient-level-prediction-settings.R,@plp_table_prefixmodel_settings
patient-level-prediction-settings.R,@model_setting_id
patient-level-prediction-settings.R,@schema
patient-level-prediction-settings.R,@plp_table_prefixcovariate_settings
patient-level-prediction-settings.R,@setting_id
patient-level-prediction-settings.R,@schema
patient-level-prediction-settings.R,@plp_table_prefixpopulation_settings
patient-level-prediction-settings.R,@setting_id
patient-level-prediction-settings.R,@schema
patient-level-prediction-settings.R,@plp_table_prefixfeature_engineering_settings
patient-level-prediction-settings.R,@setting_id
patient-level-prediction-settings.R,@schema
patient-level-prediction-settings.R,@plp_table_prefixtidy_covariates_settings
patient-level-prediction-settings.R,@setting_id
patient-level-prediction-settings.R,@schema
patient-level-prediction-settings.R,@plp_table_prefixplp_data_settings
patient-level-prediction-settings.R,@setting_id
patient-level-prediction-settings.R,@schema
patient-level-prediction-settings.R,@plp_table_prefixsample_settings
patient-level-prediction-settings.R,@setting_id
patient-level-prediction-settings.R,@schema
patient-level-prediction-settings.R,@plp_table_prefixsplit_settings
patient-level-prediction-settings.R,@setting_id
patient-level-prediction-settings.R,@schema
patient-level-prediction-settings.R,@plp_table_prefixcohorts
patient-level-prediction-settings.R,@schema
patient-level-prediction-settings.R,@cg_table_prefixcohort_definition
patient-level-prediction-settings.R,@setting_id
patient-level-prediction-settings.R,@schema
patient-level-prediction-settings.R,@plp_table_prefixcohorts
patient-level-prediction-settings.R,@schema
patient-level-prediction-settings.R,@cg_table_prefixcohort_definition
patient-level-prediction-settings.R,@setting_id
patient-level-prediction-validation.R,@schema
patient-level-prediction-validation.R,@plp_table_appendperformances
patient-level-prediction-validation.R,@model_design_id
patient-level-prediction-validation.R,@development_database_id
patient-level-prediction-validation.R,@schema
patient-level-prediction-validation.R,@plp_table_appendcohorts
patient-level-prediction-validation.R,@schema
patient-level-prediction-validation.R,@cg_table_appendcohort_definition
patient-level-prediction-validation.R,@schema
patient-level-prediction-validation.R,@plp_table_appendcohorts
patient-level-prediction-validation.R,@schema
patient-level-prediction-validation.R,@cg_table_appendcohort_definition
patient-level-prediction-validation.R,@schema
patient-level-prediction-validation.R,@database_table_appenddatabase_meta_data
patient-level-prediction-validation.R,@schema
patient-level-prediction-validation.R,@plp_table_appenddatabase_details
patient-level-prediction-validation.R,@schema
patient-level-prediction-validation.R,@plp_table_appendtars
patient-level-prediction-validation.R,@schema
patient-level-prediction-validation.R,@plp_table_appendevaluation_statistics
patient-level-prediction-validation.R,@schema
patient-level-prediction-validation.R,@plp_table_appendevaluation_statistics
patient-level-prediction-validation.R,@schema
patient-level-prediction-validation.R,@plp_table_appendevaluation_statistics
patient-level-prediction-validation.R,@schema
patient-level-prediction-validation.R,@plp_table_appendevaluation_statistics
patient-level-prediction-validation.R,@schema
patient-level-prediction-validation.R,@plp_table_appendevaluation_statistics
patient-level-prediction-validation.R,@schema
patient-level-prediction-validation.R,@plp_table_appendevaluation_statistics
patient-level-prediction-validation.R,@schema
patient-level-prediction-validation.R,@plp_table_appendevaluation_statistics
patient-level-prediction-validation.R,@schema
patient-level-prediction-validation.R,@plp_table_appendevaluation_statistics
phevaluator-main.R,@schema
phevaluator-main.R,@pv_table_prefixALGORITHM_PERFORMANCE_RESULTS
phevaluator-main.R,@schema
phevaluator-main.R,@pv_table_prefixCOHORT_DEFINITION_SET
phevaluator-main.R,@schema
phevaluator-main.R,@pv_table_prefixDIAGNOSTICS
phevaluator-main.R,@schema
phevaluator-main.R,@pv_table_prefixEVALUATION_INPUT_PARAMETERS
phevaluator-main.R,@schema
phevaluator-main.R,@pv_table_prefixMODEL_COVARIATES
phevaluator-main.R,@schema
phevaluator-main.R,@pv_table_prefixMODEL_COVARIATE_SUMMARY
phevaluator-main.R,@schema
phevaluator-main.R,@pv_table_prefixMODEL_INPUT_PARAMETERS
phevaluator-main.R,@schema
phevaluator-main.R,@pv_table_prefixMODEL_PERFORMANCE
phevaluator-main.R,@schema
phevaluator-main.R,@pv_table_prefixTEST_SUBJECTS
phevaluator-main.R,@schema
phevaluator-main.R,@pv_table_prefixTEST_SUBJECTS_COVARIATES
report-main.R,@schema
report-main.R,@cg_table_prefixcohort_definition
report-main.R,@characterization
report-main.R,@schema
report-main.R,@c_table_prefixcohort_details
report-main.R,@cohort_incidence
report-main.R,@characterization
report-main.R,@schema
report-main.R,@ci_table_prefixincidence_summary
report-main.R,@cohort_method
report-main.R,@cohort_incidence
report-main.R,@characterization
report-main.R,@schema
report-main.R,@cm_table_prefixtarget_comparator_outcome
report-main.R,@prediction
report-main.R,@cohort_method
report-main.R,@cohort_incidence
report-main.R,@characterization
report-main.R,@schema
report-main.R,@plp_table_prefixmodel_designs
report-main.R,@schema
report-main.R,@plp_table_prefixcohorts
report-main.R,@schema
report-main.R,@plp_table_prefixcohorts
report-main.R,@sccs
report-main.R,@cohort_method
report-main.R,@cohort_incidence
report-main.R,@characterization
report-main.R,@prediction
report-main.R,@schema
report-main.R,@sccs_table_prefixdiagnostics_summary
report-main.R,@schema
report-main.R,@sccs_table_prefixexposures_outcome_set
report-main.R,@schema
report-main.R,@sccs_table_prefixcovariate
report-main.R,@schema
report-main.R,@sccs_table_prefixexposure
